Workbook

Sheet Cover
B2: ISO37101 assessment
B4: If needed, see the "HowTo" tab for next actions
B6: Content | F6: Summary table: | G6: The following table summarizes the finding of this assessment.
B8: WP | F8: Average Score | G8: Attractiveness | I8: Environment | K8: Resilience | M8: Resources | O8: Cohesion | Q8: Well Being | T8: Reviewed | U8: Review | V8: Content | W8: Title
B9: LL | G9: Bld. | H9: Neig. | I9: Bld. | J9: Neig. | K9: Bld. | L9: Neig. | M9: Bld. | N9: Neig. | O9: Bld. | P9: Neig. | Q9: Bld. | R9: Neig.
B10: Date | F10: =LEFT(Definitions!B12,25)&"…" -> Governance, empowerment a…
F11: =LEFT(Definitions!B13,25)&"…" -> Education and capacity bu…
B12: Author(s) | F12: =LEFT(Definitions!B14,25)&"…" -> Innovation, creativity an…
F13: =LEFT(Definitions!B15,25)&"…" -> Health and care in the co…
F14: =LEFT(Definitions!B16,25)&"…" -> Culture and community ide…
F15: =LEFT(Definitions!B17,25)&"…" -> Living together, interdep…
B16: Checked | F16: =LEFT(Definitions!B18,25)&"…" -> Economy and sustainable p…
F17: =LEFT(Definitions!B19,25)&"…" -> Living and working enviro… | N17: 5
F18: =LEFT(Definitions!B20,25)&"…" -> Safety and security… | N18: 1
F19: =LEFT(Definitions!B21,25)&"…" -> Biodiversity and ecosyste… | N19: 2
B20: Validated | F20: =LEFT(Definitions!B22,25)&"…" -> Community smart infrastru… | N20: 3
F21: =LEFT(Definitions!B23,25)&"…" -> Mobility…
B24: Version of tool | C24: (15/11/2024) | F24: Number of count | G24: Attractiveness | I24: Environment | K24: Resilience | M24: Resources | O24: Cohesion | Q24: Well Being
G25: Bld. | H25: Neig. | I25: Bld. | J25: Neig. | K25: Bld. | L25: Neig. | M25: Bld. | N25: Neig. | O25: Bld. | P25: Neig. | Q25: Bld. | R25: Neig.
F26: =F10 -> Governance, empowerment a…
F27: =F11 -> Education and capacity bu… | N27: 1
F28: =F12 -> Innovation, creativity an… | N28: 2
F29: =F13 -> Health and care in the co… | N29: 3
F30: =F14 -> Culture and community ide… | N30: 4
F31: =F15 -> Living together, interdep… | N31: 5
F32: =F16 -> Economy and sustainable p…
F33: =F17 -> Living and working enviro…
F34: =F18 -> Safety and security…
F35: =F19 -> Biodiversity and ecosyste…
F36: =F20 -> Community smart infrastru…
F37: =F21 -> Mobility…

Sheet HowTo
C1: How to use
B3: Step | C3: Description
B4: Step 1 | C4: Author/user sends their text for review (use cases, visions, ….)
B5: Step 2 | C5: LJ processes the text and..
B6: Step3 | C6: A draft assessment is created, in an excel format, and sent back o the author
C7: The authors checks green tabs, and can edit cells in yellow such as this cell. Other cells should not be edited.
B8: Step 4 | C8: Author sends back edited excel.
B9: Step 5 | C9: LJ updates the data and generates the assessment report.
B10: Step 6 | C10: Author receives an updated assessment
B12: Tabs | C12: Content
B13: Green tabs | C13: Contains assessments
B14: Blue tab | C14: Contains definition
B15: Black tab | C15: Cover hsset
B16: Orange tab | C16: How to and explanations

Sheet Template
B2: Self assessment sheet
B4: Activity
B5: Title | J5: ID:
B6: Deliverable | J6: LL:
B7: Reviewed by | J7: Date of review:
B8: Review
B10: ID | C10: Purp. | D10: Act. | E10: Bld. | F10: Neig. | G10: Justification
B22: Definitions | C22: A (Purposes) | I22: B (Actions)
C23: 1. Attractiveness | I23: 1. Governance, empowerment, and engagement
C24: 2. Preservation and improvement of the environment | I24: 2. Education and capacity building
C25: 3. Resilience | I25: 3. Innovation, creativity, and research
C26: 4. Responsible resource use | I26: 4. Health and care in the community
C27: 5. Social cohesion | I27: 5. Culture and community identity
C28: 6. Wellbeing | I28: 6. Living together, interdependence and mutuality
I29: 7. Economy and sustainable production and consumption
I30: 8. Living and working environment
I31: 9. Safety and security
I32: 10. Biodiversity and ecosystem services
I33: 11. Community smart infrastructures
I34: 12. Mobility
C37: A1 | E37: A2 | G37: A3 | I37: A4 | K37: A5 | M37: A6
C38: Bld. | D38: Neig. | E38: Bld. | F38: Neig. | G38: Bld. | H38: Neig. | I38: Bld. | J38: Neig. | K38: Bld. | L38: Neig. | M38: Bld. | N38: Neig.
B39: B1 | C39: =IFERROR(AVERAGEIFS($E$11:$E$20,$C$11:$C$20,C$37,$D$11:$D$20,$B39),"") | D39: =IFERROR(AVERAGEIFS($F$11:$F$20,$C$11:$C$20,C$37,$D$11:$D$20,$B39),"") | E39: =IFERROR(AVERAGEIFS($E$11:$E$20,$C$11:$C$20,E$37,$D$11:$D$20,$B39),"") | F39: =IFERROR(AVERAGEIFS($F$11:$F$20,$C$11:$C$20,E$37,$D$11:$D$20,$B39),"") | G39: =IFERROR(AVERAGEIFS($E$11:$E$20,$C$11:$C$20,G$37,$D$11:$D$20,$B39),"") | H39: =IFERROR(AVERAGEIFS($F$11:$F$20,$C$11:$C$20,G$37,$D$11:$D$20,$B39),"") | I39: =IFERROR(AVERAGEIFS($E$11:$E$20,$C$11:$C$20,I$37,$D$11:$D$20,$B39),"") | J39: =IFERROR(AVERAGEIFS($F$11:$F$20,$C$11:$C$20,I$37,$D$11:$D$20,$B39),"") | K39: =IFERROR(AVERAGEIFS($E$11:$E$20,$C$11:$C$20,K$37,$D$11:$D$20,$B39),"") | L39: =IFERROR(AVERAGEIFS($F$11:$F$20,$C$11:$C$20,K$37,$D$11:$D$20,$B39),"") | M39: =IFERROR(AVERAGEIFS($E$11:$E$20,$C$11:$C$20,M$37,$D$11:$D$20,$B39),"") | N39: =IFERROR(AVERAGEIFS($F$11:$F$20,$C$11:$C$20,M$37,$D$11:$D$20,$B39),"")
B40: B2 | C40: =IFERROR(AVERAGEIFS($E$11:$E$20,$C$11:$C$20,C$37,$D$11:$D$20,$B40),"") | D40: =IFERROR(AVERAGEIFS($F$11:$F$20,$C$11:$C$20,C$37,$D$11:$D$20,$B40),"") | E40: =IFERROR(AVERAGEIFS($E$11:$E$20,$C$11:$C$20,E$37,$D$11:$D$20,$B40),"") | F40: =IFERROR(AVERAGEIFS($F$11:$F$20,$C$11:$C$20,E$37,$D$11:$D$20,$B40),"") | G40: =IFERROR(AVERAGEIFS($E$11:$E$20,$C$11:$C$20,G$37,$D$11:$D$20,$B40),"") | H40: =IFERROR(AVERAGEIFS($F$11:$F$20,$C$11:$C$20,G$37,$D$11:$D$20,$B40),"") | I40: =IFERROR(AVERAGEIFS($E$11:$E$20,$C$11:$C$20,I$37,$D$11:$D$20,$B40),"") | J40: =IFERROR(AVERAGEIFS($F$11:$F$20,$C$11:$C$20,I$37,$D$11:$D$20,$B40),"") | K40: =IFERROR(AVERAGEIFS($E$11:$E$20,$C$11:$C$20,K$37,$D$11:$D$20,$B40),"") | L40: =IFERROR(AVERAGEIFS($F$11:$F$20,$C$11:$C$20,K$37,$D$11:$D$20,$B40),"") | M40: =IFERROR(AVERAGEIFS($E$11:$E$20,$C$11:$C$20,M$37,$D$11:$D$20,$B40),"") | N40: =IFERROR(AVERAGEIFS($F$11:$F$20,$C$11:$C$20,M$37,$D$11:$D$20,$B40),"")
B41: B3 | C41: =IFERROR(AVERAGEIFS($E$11:$E$20,$C$11:$C$20,C$37,$D$11:$D$20,$B41),"") | D41: =IFERROR(AVERAGEIFS($F$11:$F$20,$C$11:$C$20,C$37,$D$11:$D$20,$B41),"") | E41: =IFERROR(AVERAGEIFS($E$11:$E$20,$C$11:$C$20,E$37,$D$11:$D$20,$B41),"") | F41: =IFERROR(AVERAGEIFS($F$11:$F$20,$C$11:$C$20,E$37,$D$11:$D$20,$B41),"") | G41: =IFERROR(AVERAGEIFS($E$11:$E$20,$C$11:$C$20,G$37,$D$11:$D$20,$B41),"") | H41: =IFERROR(AVERAGEIFS($F$11:$F$20,$C$11:$C$20,G$37,$D$11:$D$20,$B41),"") | I41: =IFERROR(AVERAGEIFS($E$11:$E$20,$C$11:$C$20,I$37,$D$11:$D$20,$B41),"") | J41: =IFERROR(AVERAGEIFS($F$11:$F$20,$C$11:$C$20,I$37,$D$11:$D$20,$B41),"") | K41: =IFERROR(AVERAGEIFS($E$11:$E$20,$C$11:$C$20,K$37,$D$11:$D$20,$B41),"") | L41: =IFERROR(AVERAGEIFS($F$11:$F$20,$C$11:$C$20,K$37,$D$11:$D$20,$B41),"") | M41: =IFERROR(AVERAGEIFS($E$11:$E$20,$C$11:$C$20,M$37,$D$11:$D$20,$B41),"") | N41: =IFERROR(AVERAGEIFS($F$11:$F$20,$C$11:$C$20,M$37,$D$11:$D$20,$B41),"")
B42: B4 | C42: =IFERROR(AVERAGEIFS($E$11:$E$20,$C$11:$C$20,C$37,$D$11:$D$20,$B42),"") | D42: =IFERROR(AVERAGEIFS($F$11:$F$20,$C$11:$C$20,C$37,$D$11:$D$20,$B42),"") | E42: =IFERROR(AVERAGEIFS($E$11:$E$20,$C$11:$C$20,E$37,$D$11:$D$20,$B42),"") | F42: =IFERROR(AVERAGEIFS($F$11:$F$20,$C$11:$C$20,E$37,$D$11:$D$20,$B42),"") | G42: =IFERROR(AVERAGEIFS($E$11:$E$20,$C$11:$C$20,G$37,$D$11:$D$20,$B42),"") | H42: =IFERROR(AVERAGEIFS($F$11:$F$20,$C$11:$C$20,G$37,$D$11:$D$20,$B42),"") | I42: =IFERROR(AVERAGEIFS($E$11:$E$20,$C$11:$C$20,I$37,$D$11:$D$20,$B42),"") | J42: =IFERROR(AVERAGEIFS($F$11:$F$20,$C$11:$C$20,I$37,$D$11:$D$20,$B42),"") | K42: =IFERROR(AVERAGEIFS($E$11:$E$20,$C$11:$C$20,K$37,$D$11:$D$20,$B42),"") | L42: =IFERROR(AVERAGEIFS($F$11:$F$20,$C$11:$C$20,K$37,$D$11:$D$20,$B42),"") | M42: =IFERROR(AVERAGEIFS($E$11:$E$20,$C$11:$C$20,M$37,$D$11:$D$20,$B42),"") | N42: =IFERROR(AVERAGEIFS($F$11:$F$20,$C$11:$C$20,M$37,$D$11:$D$20,$B42),"")
B43: B5 | C43: =IFERROR(AVERAGEIFS($E$11:$E$20,$C$11:$C$20,C$37,$D$11:$D$20,$B43),"") | D43: =IFERROR(AVERAGEIFS($F$11:$F$20,$C$11:$C$20,C$37,$D$11:$D$20,$B43),"") | E43: =IFERROR(AVERAGEIFS($E$11:$E$20,$C$11:$C$20,E$37,$D$11:$D$20,$B43),"") | F43: =IFERROR(AVERAGEIFS($F$11:$F$20,$C$11:$C$20,E$37,$D$11:$D$20,$B43),"") | G43: =IFERROR(AVERAGEIFS($E$11:$E$20,$C$11:$C$20,G$37,$D$11:$D$20,$B43),"") | H43: =IFERROR(AVERAGEIFS($F$11:$F$20,$C$11:$C$20,G$37,$D$11:$D$20,$B43),"") | I43: =IFERROR(AVERAGEIFS($E$11:$E$20,$C$11:$C$20,I$37,$D$11:$D$20,$B43),"") | J43: =IFERROR(AVERAGEIFS($F$11:$F$20,$C$11:$C$20,I$37,$D$11:$D$20,$B43),"") | K43: =IFERROR(AVERAGEIFS($E$11:$E$20,$C$11:$C$20,K$37,$D$11:$D$20,$B43),"") | L43: =IFERROR(AVERAGEIFS($F$11:$F$20,$C$11:$C$20,K$37,$D$11:$D$20,$B43),"") | M43: =IFERROR(AVERAGEIFS($E$11:$E$20,$C$11:$C$20,M$37,$D$11:$D$20,$B43),"") | N43: =IFERROR(AVERAGEIFS($F$11:$F$20,$C$11:$C$20,M$37,$D$11:$D$20,$B43),"")
B44: B6 | C44: =IFERROR(AVERAGEIFS($E$11:$E$20,$C$11:$C$20,C$37,$D$11:$D$20,$B44),"") | D44: =IFERROR(AVERAGEIFS($F$11:$F$20,$C$11:$C$20,C$37,$D$11:$D$20,$B44),"") | E44: =IFERROR(AVERAGEIFS($E$11:$E$20,$C$11:$C$20,E$37,$D$11:$D$20,$B44),"") | F44: =IFERROR(AVERAGEIFS($F$11:$F$20,$C$11:$C$20,E$37,$D$11:$D$20,$B44),"") | G44: =IFERROR(AVERAGEIFS($E$11:$E$20,$C$11:$C$20,G$37,$D$11:$D$20,$B44),"") | H44: =IFERROR(AVERAGEIFS($F$11:$F$20,$C$11:$C$20,G$37,$D$11:$D$20,$B44),"") | I44: =IFERROR(AVERAGEIFS($E$11:$E$20,$C$11:$C$20,I$37,$D$11:$D$20,$B44),"") | J44: =IFERROR(AVERAGEIFS($F$11:$F$20,$C$11:$C$20,I$37,$D$11:$D$20,$B44),"") | K44: =IFERROR(AVERAGEIFS($E$11:$E$20,$C$11:$C$20,K$37,$D$11:$D$20,$B44),"") | L44: =IFERROR(AVERAGEIFS($F$11:$F$20,$C$11:$C$20,K$37,$D$11:$D$20,$B44),"") | M44: =IFERROR(AVERAGEIFS($E$11:$E$20,$C$11:$C$20,M$37,$D$11:$D$20,$B44),"") | N44: =IFERROR(AVERAGEIFS($F$11:$F$20,$C$11:$C$20,M$37,$D$11:$D$20,$B44),"")
B45: B7 | C45: =IFERROR(AVERAGEIFS($E$11:$E$20,$C$11:$C$20,C$37,$D$11:$D$20,$B45),"") | D45: =IFERROR(AVERAGEIFS($F$11:$F$20,$C$11:$C$20,C$37,$D$11:$D$20,$B45),"") | E45: =IFERROR(AVERAGEIFS($E$11:$E$20,$C$11:$C$20,E$37,$D$11:$D$20,$B45),"") | F45: =IFERROR(AVERAGEIFS($F$11:$F$20,$C$11:$C$20,E$37,$D$11:$D$20,$B45),"") | G45: =IFERROR(AVERAGEIFS($E$11:$E$20,$C$11:$C$20,G$37,$D$11:$D$20,$B45),"") | H45: =IFERROR(AVERAGEIFS($F$11:$F$20,$C$11:$C$20,G$37,$D$11:$D$20,$B45),"") | I45: =IFERROR(AVERAGEIFS($E$11:$E$20,$C$11:$C$20,I$37,$D$11:$D$20,$B45),"") | J45: =IFERROR(AVERAGEIFS($F$11:$F$20,$C$11:$C$20,I$37,$D$11:$D$20,$B45),"") | K45: =IFERROR(AVERAGEIFS($E$11:$E$20,$C$11:$C$20,K$37,$D$11:$D$20,$B45),"") | L45: =IFERROR(AVERAGEIFS($F$11:$F$20,$C$11:$C$20,K$37,$D$11:$D$20,$B45),"") | M45: =IFERROR(AVERAGEIFS($E$11:$E$20,$C$11:$C$20,M$37,$D$11:$D$20,$B45),"") | N45: =IFERROR(AVERAGEIFS($F$11:$F$20,$C$11:$C$20,M$37,$D$11:$D$20,$B45),"")
B46: B8 | C46: =IFERROR(AVERAGEIFS($E$11:$E$20,$C$11:$C$20,C$37,$D$11:$D$20,$B46),"") | D46: =IFERROR(AVERAGEIFS($F$11:$F$20,$C$11:$C$20,C$37,$D$11:$D$20,$B46),"") | E46: =IFERROR(AVERAGEIFS($E$11:$E$20,$C$11:$C$20,E$37,$D$11:$D$20,$B46),"") | F46: =IFERROR(AVERAGEIFS($F$11:$F$20,$C$11:$C$20,E$37,$D$11:$D$20,$B46),"") | G46: =IFERROR(AVERAGEIFS($E$11:$E$20,$C$11:$C$20,G$37,$D$11:$D$20,$B46),"") | H46: =IFERROR(AVERAGEIFS($F$11:$F$20,$C$11:$C$20,G$37,$D$11:$D$20,$B46),"") | I46: =IFERROR(AVERAGEIFS($E$11:$E$20,$C$11:$C$20,I$37,$D$11:$D$20,$B46),"") | J46: =IFERROR(AVERAGEIFS($F$11:$F$20,$C$11:$C$20,I$37,$D$11:$D$20,$B46),"") | K46: =IFERROR(AVERAGEIFS($E$11:$E$20,$C$11:$C$20,K$37,$D$11:$D$20,$B46),"") | L46: =IFERROR(AVERAGEIFS($F$11:$F$20,$C$11:$C$20,K$37,$D$11:$D$20,$B46),"") | M46: =IFERROR(AVERAGEIFS($E$11:$E$20,$C$11:$C$20,M$37,$D$11:$D$20,$B46),"") | N46: =IFERROR(AVERAGEIFS($F$11:$F$20,$C$11:$C$20,M$37,$D$11:$D$20,$B46),"")
B47: B9 | C47: =IFERROR(AVERAGEIFS($E$11:$E$20,$C$11:$C$20,C$37,$D$11:$D$20,$B47),"") | D47: =IFERROR(AVERAGEIFS($F$11:$F$20,$C$11:$C$20,C$37,$D$11:$D$20,$B47),"") | E47: =IFERROR(AVERAGEIFS($E$11:$E$20,$C$11:$C$20,E$37,$D$11:$D$20,$B47),"") | F47: =IFERROR(AVERAGEIFS($F$11:$F$20,$C$11:$C$20,E$37,$D$11:$D$20,$B47),"") | G47: =IFERROR(AVERAGEIFS($E$11:$E$20,$C$11:$C$20,G$37,$D$11:$D$20,$B47),"") | H47: =IFERROR(AVERAGEIFS($F$11:$F$20,$C$11:$C$20,G$37,$D$11:$D$20,$B47),"") | I47: =IFERROR(AVERAGEIFS($E$11:$E$20,$C$11:$C$20,I$37,$D$11:$D$20,$B47),"") | J47: =IFERROR(AVERAGEIFS($F$11:$F$20,$C$11:$C$20,I$37,$D$11:$D$20,$B47),"") | K47: =IFERROR(AVERAGEIFS($E$11:$E$20,$C$11:$C$20,K$37,$D$11:$D$20,$B47),"") | L47: =IFERROR(AVERAGEIFS($F$11:$F$20,$C$11:$C$20,K$37,$D$11:$D$20,$B47),"") | M47: =IFERROR(AVERAGEIFS($E$11:$E$20,$C$11:$C$20,M$37,$D$11:$D$20,$B47),"") | N47: =IFERROR(AVERAGEIFS($F$11:$F$20,$C$11:$C$20,M$37,$D$11:$D$20,$B47),"")
B48: B10 | C48: =IFERROR(AVERAGEIFS($E$11:$E$20,$C$11:$C$20,C$37,$D$11:$D$20,$B48),"") | D48: =IFERROR(AVERAGEIFS($F$11:$F$20,$C$11:$C$20,C$37,$D$11:$D$20,$B48),"") | E48: =IFERROR(AVERAGEIFS($E$11:$E$20,$C$11:$C$20,E$37,$D$11:$D$20,$B48),"") | F48: =IFERROR(AVERAGEIFS($F$11:$F$20,$C$11:$C$20,E$37,$D$11:$D$20,$B48),"") | G48: =IFERROR(AVERAGEIFS($E$11:$E$20,$C$11:$C$20,G$37,$D$11:$D$20,$B48),"") | H48: =IFERROR(AVERAGEIFS($F$11:$F$20,$C$11:$C$20,G$37,$D$11:$D$20,$B48),"") | I48: =IFERROR(AVERAGEIFS($E$11:$E$20,$C$11:$C$20,I$37,$D$11:$D$20,$B48),"") | J48: =IFERROR(AVERAGEIFS($F$11:$F$20,$C$11:$C$20,I$37,$D$11:$D$20,$B48),"") | K48: =IFERROR(AVERAGEIFS($E$11:$E$20,$C$11:$C$20,K$37,$D$11:$D$20,$B48),"") | L48: =IFERROR(AVERAGEIFS($F$11:$F$20,$C$11:$C$20,K$37,$D$11:$D$20,$B48),"") | M48: =IFERROR(AVERAGEIFS($E$11:$E$20,$C$11:$C$20,M$37,$D$11:$D$20,$B48),"") | N48: =IFERROR(AVERAGEIFS($F$11:$F$20,$C$11:$C$20,M$37,$D$11:$D$20,$B48),"")
B49: B11 | C49: =IFERROR(AVERAGEIFS($E$11:$E$20,$C$11:$C$20,C$37,$D$11:$D$20,$B49),"") | D49: =IFERROR(AVERAGEIFS($F$11:$F$20,$C$11:$C$20,C$37,$D$11:$D$20,$B49),"") | E49: =IFERROR(AVERAGEIFS($E$11:$E$20,$C$11:$C$20,E$37,$D$11:$D$20,$B49),"") | F49: =IFERROR(AVERAGEIFS($F$11:$F$20,$C$11:$C$20,E$37,$D$11:$D$20,$B49),"") | G49: =IFERROR(AVERAGEIFS($E$11:$E$20,$C$11:$C$20,G$37,$D$11:$D$20,$B49),"") | H49: =IFERROR(AVERAGEIFS($F$11:$F$20,$C$11:$C$20,G$37,$D$11:$D$20,$B49),"") | I49: =IFERROR(AVERAGEIFS($E$11:$E$20,$C$11:$C$20,I$37,$D$11:$D$20,$B49),"") | J49: =IFERROR(AVERAGEIFS($F$11:$F$20,$C$11:$C$20,I$37,$D$11:$D$20,$B49),"") | K49: =IFERROR(AVERAGEIFS($E$11:$E$20,$C$11:$C$20,K$37,$D$11:$D$20,$B49),"") | L49: =IFERROR(AVERAGEIFS($F$11:$F$20,$C$11:$C$20,K$37,$D$11:$D$20,$B49),"") | M49: =IFERROR(AVERAGEIFS($E$11:$E$20,$C$11:$C$20,M$37,$D$11:$D$20,$B49),"") | N49: =IFERROR(AVERAGEIFS($F$11:$F$20,$C$11:$C$20,M$37,$D$11:$D$20,$B49),"")
B50: B12 | C50: =IFERROR(AVERAGEIFS($E$11:$E$20,$C$11:$C$20,C$37,$D$11:$D$20,$B50),"") | D50: =IFERROR(AVERAGEIFS($F$11:$F$20,$C$11:$C$20,C$37,$D$11:$D$20,$B50),"") | E50: =IFERROR(AVERAGEIFS($E$11:$E$20,$C$11:$C$20,E$37,$D$11:$D$20,$B50),"") | F50: =IFERROR(AVERAGEIFS($F$11:$F$20,$C$11:$C$20,E$37,$D$11:$D$20,$B50),"") | G50: =IFERROR(AVERAGEIFS($E$11:$E$20,$C$11:$C$20,G$37,$D$11:$D$20,$B50),"") | H50: =IFERROR(AVERAGEIFS($F$11:$F$20,$C$11:$C$20,G$37,$D$11:$D$20,$B50),"") | I50: =IFERROR(AVERAGEIFS($E$11:$E$20,$C$11:$C$20,I$37,$D$11:$D$20,$B50),"") | J50: =IFERROR(AVERAGEIFS($F$11:$F$20,$C$11:$C$20,I$37,$D$11:$D$20,$B50),"") | K50: =IFERROR(AVERAGEIFS($E$11:$E$20,$C$11:$C$20,K$37,$D$11:$D$20,$B50),"") | L50: =IFERROR(AVERAGEIFS($F$11:$F$20,$C$11:$C$20,K$37,$D$11:$D$20,$B50),"") | M50: =IFERROR(AVERAGEIFS($E$11:$E$20,$C$11:$C$20,M$37,$D$11:$D$20,$B50),"") | N50: =IFERROR(AVERAGEIFS($F$11:$F$20,$C$11:$C$20,M$37,$D$11:$D$20,$B50),"")
C51: * Scoring is done using Likert Scale

Sheet Definitions
A1: Definitions
B2: As per https://www.iso.org/obp/ui/en/#iso:std:iso:37104:ed-1:v1:en
A3: Purpose of sustainability
B4: Attractiveness | C4: represents a territory's capacity to draw and retain citizens, businesses, and other stakeholders through its appeal and dynamism. It encompasses economic vitality, cultural richness, sense of place and identity, quality of life features, and strategic connectivity. For green building neighborhoods specifically, attractiveness manifests through innovative sustainable architecture, integrated urban planning, cultural amenities, and infrastructure that enhances both livability and economic opportunities. The purpose focuses on creating spaces that are not just environmentally responsible but also economically vibrant and socially desirable.
B5: Preservation and improvement of environment | C5: focuses on enhancing environmental performance through specific measurable actions like reducing greenhouse gas emissions, protecting and restoring biodiversity and ecosystem services, and reducing health hazards. For GBNs, this translates into active environmental stewardship through building design, land use practices, and infrastructure that not only minimizes negative environmental impacts but actively contributes to ecological regeneration. This includes protecting ecosystems, managing plant and animal diversity, preserving migration corridors, and maintaining genetic diversity within urban contexts.
B6: Resilience | C6: refers to a community's adaptive capacity in complex and changing environments. For GBNs, this encompasses anticipating and adapting to climate change impacts, preparing for economic shocks and stresses, and developing social evolution strategies. The standard particularly emphasizes taking both short-term and long-term perspectives on planning, with key focuses on: Climate change mitigation and adaptation capabilities, Economic and social shock preparedness, Organizational crisis response and recovery, Ability to maintain essential functions during disruption, and Capacity to "degrade gracefully" when necessary. It emphasizes the importance of both physical infrastructure resilience and social resilience in creating sustainable communities.
B7: Responsible resource use | C7: focuses on sustainable consumption, distribution, and management of all resource types - natural, human, and financial. This purpose emphasizes: Improving land management practices, Reducing, reusing and recycling materials, Respecting resource scarcity (especially water and energy), Promoting sustainable production, storage and transport methods, a,d Implementing efficient waste management and circular economy principles. In the context of GBNs, this translates to smart resource management in building design and operations, efficient infrastructure systems, and the development of closed-loop resource cycles within neighborhoods. The standard highlights that responsible resource use requires considering both immediate consumption patterns and long-term resource availability.
B8: Social cohesion | C8: focuses on creating equitable access to services, fostering dialogue across community boundaries, and supporting diversity and inclusion. For GBNs, this means developing neighborhoods that promote social integration, preserve cultural heritage, strengthen community identity, and reduce inequalities. The standard emphasizes accessibility, cultural dialogue, and the creation of shared experiences that build a sense of belonging and enhance social mobility. This purpose recognizes that sustainable communities require strong social bonds and mutual understanding across different demographic groups, combining both physical design elements and social programs that encourage interaction and solidarity among residents.
B9: Well-being | C9: encompasses access to opportunities for quality of life enhancement, including education and professional training, a healthy environment, and improved living conditions. For GBNs, this translates into creating spaces that promote physical and mental health, safety, and community confidence. The standard highlights that well-being depends on tangible factors like environmental quality and access to services, as well as intangible elements like trust-building and collective maturity. This purpose recognizes that sustainable communities must actively contribute to residents' happiness, health, and overall life satisfaction through thoughtful design and service provision.
A11: Sustainability issue
B12: Governance, empowerment and engagement | C12: defined as a systemic approach to engaging all interested parties in community decision-making and development. The standard emphasizes that governance models need to foster systematic stakeholder involvement at every level, from policy-making to project implementation. For GBNs, this means creating transparent structures that encourage participation, facilitate community input, and ensure accountability in the development and management of sustainable neighborhoods. The standard highlights this issue as fundamental to successful sustainable development, requiring clear roles, responsibilities, and mechanisms for inclusive decision-making.
B13: Education and capacity building | C13: is defined as an issue that focuses on raising awareness, knowledge and skills at all levels to contribute to sustainable development, smartness and resilience. The standard emphasizes that education and capacity building should help develop competencies across the community that enable better understanding and implementation of sustainability practices. For GBNs, this translates into developing training programs, knowledge sharing platforms, and skill development initiatives that strengthen the community's ability to implement and maintain sustainable practices in the built environment.
B14: Innovation, creativity and research | C14: focuses on developing new forms of cooperation and cutting-edge designs while balancing risk management and ethical considerations. For GBNs, this issue promotes innovative solutions through research and creative problem-solving, encouraging new approaches to sustainable development while ensuring proper consideration of outcomes and implications. The standard positions this as a key driver for developing novel solutions to community challenges while maintaining responsible implementation practices.
B15: Health and care in the community | C15: defined as a crucial element that maintains and improves both physical and mental health within the community, contributing to its well-being and resilience. The standard emphasizes the importance of healthcare accessibility, preventive practices, and the relationship between environmental quality and community health. For GBNs, this translates into designing spaces and services that promote healthy living, ensure equitable access to healthcare, and create environments that support both physical and mental wellness.
B16: Culture and community identity | C16: defined as preserving lifestyles, including intangible elements like practices, know-how, languages, spirituality, and customs, while allowing for the evolution of heritage and traditions. For GBNs, this means creating spaces that respect and enhance local cultural identity while remaining open to cultural development and change. The standard emphasizes that this issue is crucial for maintaining community distinctiveness while embracing sustainable development.
B17: Living together, interdependence and mutuality | C17: focuses on developing collective and collaborative lifestyles that produce mutual economic and social benefits. The standard emphasizes this issue's role in fostering inter-generational equity and social mobility through shared experiences and responsibilities. For GBNs, this translates into creating spaces and systems that encourage interaction, cooperation, and mutual support among community members while promoting inclusive social and economic development.
B18: Economy and sustainable production and consumption | C18: encompasses support for local production, consumption and exchange, promoting economic diversity, employment and employability. The standard emphasizes resource efficiency, life cycle approaches, and transparency as key factors. For GBNs, this means creating economic systems that support sustainable local businesses, encourage responsible consumption patterns, and provide diverse employment opportunities while considering environmental impacts throughout the production and consumption cycle.
B19: Living and working environment | C19: focuses on facilitating fair and equitable access to quality living and working conditions that meet stakeholder needs and expectations. For GBNs, this means creating spaces that balance environmental sustainability with quality of life, addressing issues like housing quality, workplace conditions, and access to amenities. The standard emphasizes this issue's importance in creating sustainable communities that support both residential well-being and economic activity.
B20: Safety and security | C20: addresses ensuring communities are considered safe, both internally by members and externally by outsiders. This includes enforcing the right to privacy, protecting public security, and preventing and managing risks within the community. Key aspects involve taking safety and security into account when planning land use, improving safety and preventing crime and violence for all, and enhancing the safety and welcoming nature of public spaces through policies. Assessing initiatives against this issue helps stakeholders understand how they are addressing safety, security and risk management for sustainable urban development.
B21: Biodiversity and ecosystem services | C21: focuses on the preservation and improvement of the local, regional and global environment, especially the protection, restoration and enhancement of biological diversity and ecosystem services. This includes maintaining the diversity of fauna, flora and genetic resources. Preserving biodiversity and ecosystem services is crucial to ensure safe and pleasant living conditions, and enhances the attractiveness of communities while strengthening their economic development. Key aspects involve assessing the loss of biodiversity and responding to related risks, as well as ensuring biodiversity and ecosystem services are considered major natural resources to be managed sustainably.
B22: Community smart infrastructures | C22: ensuring high-quality utilities and services that support sustainable community development. This includes urban water supply and wastewater treatment, waste collection and processing, energy production and distribution, and integration of digital communication networks.
B23: Mobility | C23: defined as the provision of safe, comfortable, comprehensive, dependable, efficient, accessible, affordable and appropriate mobility services for different age and special needs groups, particularly for persons with disabilities. This includes maintaining a reliable transport system, improving connectivity, encouraging non-motorized traffic like walking and cycling, and facilitating the transport of goods.
